,filename,aug,scores,original_height,original_width,boxes,count
0,Lorenz_Frølich_-_Landscape_with_a_Building_in_the_Background_-_KMS7045_-_Statens_Museum_for_Kunst.jpg,pencil_sketch,"[0.453125, 0.41015625]",457,768,"[[564.0228271484375, -0.4192131757736206, 768.189453125, 299.5810546875], [269.4349365234375, -0.024672016501426697, 537.29443359375, 83.58905029296875]]",2
1,Johan_Christian_Dahl_-_Study_of_a_Birch_Tree_-_Google_Art_Project.jpg,pencil_sketch,[0.66015625],1500,1094,"[[12.029834747314453, -0.2050548791885376, 1094.487548828125, 1493.030517578125]]",1
2,Dahl_Joh._Chr._View_from_Pimonte_of_Neapel@Kunsthalle_Hamburg.JPG,pencil_sketch,"[0.435546875, 0.419921875, 0.69140625]",958,1500,"[[1255.1314697265625, 102.2791519165039, 1487.70654296875, 271.67852783203125], [11.03205394744873, 224.407470703125, 146.3710479736328, 534.3165283203125], [-2.847656726837158, -0.7331514954566956, 393.13751220703125, 621.5438842773438]]",3
3,Johan_Christian_Dahl_-_View_from_the_Bastei_in_the_Sächsische_Schweiz_-_DFG.0058_-_Drammens_Museum.png,pencil_sketch,[],789,1321,[],0
4,"Christen_Dalsgaard_-_En_ung_Pige,_der_vifter_Farvel_-_1856.png",pencil_sketch,"[0.41015625, 0.45703125]",1116,1500,"[[15.753552436828613, 2.4209842681884766, 1497.219482421875, 1110.06201171875], [4.330963134765625, -2.2324700355529785, 1293.91943359375, 519.9735107421875]]",2
5,"Carl_Baagøe_-_Kysten_ved_Laboe,_Kielerfjorden_-_1859.jpg",pencil_sketch,[],1072,1500,[],0
6,Carl_Gustav_Carus_Der_Erlkönig.jpg,pencil_sketch,[],1500,1131,[],0
7,Lars_Hertervig_-_Fra_Hindal_(sjøsiden)_-_Stavanger_kunstmuseum_-_SG.0653.jpg,pencil_sketch,[],468,668,[],0
8,Carl_Frederik_Aagaard_-_Parti_fra_Møens_Klint_-_1861.jpg,pencil_sketch,[],827,1500,[],0
9,Werner%20Holmberg%20-%20Erkrath%20Church%2C%20study%20-%20A%20I%20471-58%20-%20Finnish%20National%20Gallery.jpg,pencil_sketch,[],1093,1500,[],0
10,P._C._Skovgaard_-_Stille_Sommeraften_ved_en_Indsø.png,pencil_sketch,"[0.58984375, 0.423828125, 0.404296875, 0.5078125]",1182,1500,"[[523.794921875, -1.6479237079620361, 1505.150146484375, 947.3805541992188], [352.9455261230469, 510.0361633300781, 581.3623046875, 743.1290283203125], [-0.045262277126312256, -3.072371482849121, 304.93170166015625, 536.4853515625], [-0.6200596690177917, -0.6679619550704956, 457.24224853515625, 539.4071655273438]]",4
11,"Turner_-_Regulus,_1828,_reworked_1837,_N00519.jpg",pencil_sketch,[],1095,1500,[],0
12,"F._C._Kiærskou_-_Forest_scene_in_Jægersborg_Dyrehave,_Copenhagen_(1854).jpg",pencil_sketch,"[0.46484375, 0.41015625, 0.6328125, 0.765625, 0.8203125, 0.44921875, 0.69140625, 0.58203125]",848,1200,"[[478.90118408203125, 429.0862731933594, 699.4444580078125, 666.0064697265625], [478.6663818359375, 421.0413513183594, 907.02490234375, 663.0327758789062], [904.7831420898438, 259.85699462890625, 1211.5928955078125, 655.4346313476562], [329.27484130859375, 496.670654296875, 408.39227294921875, 620.0944213867188], [-6.837916374206543, 240.07017517089844, 341.7825012207031, 652.47265625], [610.04345703125, 186.11305236816406, 935.1705322265625, 660.5498046875], [482.5747375488281, 187.3517608642578, 936.9420776367188, 663.0690307617188], [608.8012084960938, 185.7366943359375, 937.316162109375, 436.1296691894531]]",8
13,"Johan_Christian_Dahl_-_Nordic_Landscape_with_a_dead_Tree_-_NG.M.00410_-_National_Museum_of_Art,_Architecture_and_Design.jpg",pencil_sketch,"[0.56640625, 0.50390625]",1223,1500,"[[113.41023254394531, 71.47667694091797, 1398.0364990234375, 945.5778198242188], [1209.578857421875, 642.9384765625, 1446.8505859375, 899.3584594726562]]",2
14,Carl_Frederik_Aagaard_-_Gamle_Piletræer_ved_en_Indsø.png,pencil_sketch,"[0.74609375, 0.455078125]",1014,1500,"[[1340.80078125, 270.02191162109375, 1498.8865966796875, 470.15863037109375], [226.39064025878906, 317.9379577636719, 1028.4144287109375, 858.111083984375]]",2
15,Hans_Gude_-_En_innsjø_landskapet_(1861).jpg,pencil_sketch,[0.462890625],1009,1500,"[[285.7339172363281, 601.5208129882812, 454.7566833496094, 796.880126953125]]",1
16,Carl_Frederik_Aagaard_-_Fjordparti_-_1874.jpg,pencil_sketch,"[0.458984375, 0.52734375, 0.412109375]",974,1400,"[[-1.3229764699935913, 485.4019775390625, 144.0300750732422, 881.8414306640625], [804.03466796875, 545.625244140625, 958.6483764648438, 649.1541137695312], [803.4310913085938, 544.4820556640625, 958.691650390625, 881.4312133789062]]",3
17,"Joseph_Mallord_William_Turner_(1775-1851)_-_House_beside_the_River,_with_Trees_and_Sheep_-_N02694_-_National_Gallery.jpg",pencil_sketch,"[0.431640625, 0.5859375, 0.41015625, 0.466796875, 0.50390625, 0.453125, 0.5546875, 0.462890625, 0.65625, 0.41015625, 0.5703125, 0.6015625, 0.609375, 0.41796875, 0.7265625, 0.5625, 0.443359375]",840,1154,"[[704.0253295898438, 290.95257568359375, 805.142822265625, 573.288818359375], [-3.6423237323760986, 26.006118774414062, 149.74560546875, 491.1419677734375], [707.0255737304688, 234.65072631835938, 933.5796508789062, 568.8904418945312], [1020.4570922851562, 257.3578796386719, 1158.0506591796875, 594.4254760742188], [358.1844787597656, 354.7535095214844, 567.227783203125, 581.0950927734375], [477.3631591796875, 363.2947998046875, 569.93603515625, 616.4913940429688], [121.40483093261719, 107.39022827148438, 237.93408203125, 396.9622497558594], [358.96929931640625, 353.8975524902344, 484.8274841308594, 567.259521484375], [-3.1485507488250732, 25.49814224243164, 149.19496154785156, 378.0014343261719], [252.55758666992188, 380.1864929199219, 358.8905944824219, 564.0536499023438], [704.3402709960938, 233.828369140625, 863.1736450195312, 572.6373291015625], [123.409912109375, 91.96489715576172, 365.8097839355469, 414.4249572753906], [212.9348907470703, 91.38359832763672, 365.4876403808594, 408.3403015136719], [930.3413696289062, 424.00628662109375, 1029.79541015625, 597.9181518554688], [573.2763671875, 280.5747985839844, 706.0328979492188, 509.8789978027344], [836.1533813476562, 269.0307312011719, 934.1563720703125, 534.3284301757812], [769.11767578125, 234.3080596923828, 867.4276733398438, 563.4067993164062]]",17
18,18264-image.jpg,pencil_sketch,[],497,755,[],0
19,"Johan_Christian_Dahl_-_View_at_Larsens_Plads_Copenhagen_-_NG.M.00426-013_-_National_Museum_of_Art,_Architecture_and_Design.jpg",pencil_sketch,[],714,999,[],0
20,Anton_Dorph_-_Arbejdsiver._To_tvillingepiger_siddende_i_en_klit_med_strikketøjet.png,pencil_sketch,[],1185,1500,[],0
21,Hans_Gude_Hønefoss_1893.JPG,pencil_sketch,[],387,602,[],0
22,J.M.W._Turner_-_Off_Margate.jpg,pencil_sketch,[],626,956,[],0
23,"Hans_Gude_-_From_Hallingdal_-_NG.M.01980_-_National_Museum_of_Art,_Architecture_and_Design.jpg",pencil_sketch,[],690,1012,[],0
24,Joseph_Mallord_William_Turner_(1775-1851)_-_Narcissus_and_Echo_-_T03869_-_Tate.jpg,pencil_sketch,[],836,1114,[],0
25,"Carl_Dahl,_Lissabons_rhed,_,_KMS414,_Statens_Museum_for_Kunst.jpg",pencil_sketch,[],1072,1500,[],0
26,August%20Cappelen%20-%20Lake%20in%20Telemark%20-%20NG.M.02409%20-%20National%20Museum%20of%20Art%2C%20Architecture%20and%20Design.jpg,pencil_sketch,[],690,1500,[],0
27,Carl_Bøgh_-_Dåvildt_på_en_slette_i_Dyrehaven.png,pencil_sketch,"[0.8671875, 0.52734375, 0.68359375, 0.66796875]",1179,1500,"[[165.96083068847656, 226.25721740722656, 877.1395874023438, 883.1705322265625], [-3.2751784324645996, 421.07415771484375, 308.1483154296875, 668.4017333984375], [58.93065643310547, 643.807861328125, 289.1240234375, 749.0535278320312], [-1.1641457080841064, 557.0801391601562, 173.73117065429688, 730.6942749023438]]",4
28,Oswald_Achenbach_-_Sonntagsspaziergang_in_der_römischen_Landschaft_(1882).jpg,pencil_sketch,[],1040,1500,[],0
29,Dankvart_Dreyer_-_A_View_of_a_Wooded_Landscape_in_Jutland_-_KMS3932_-_Statens_Museum_for_Kunst.jpg,pencil_sketch,"[0.578125, 0.41015625, 0.40234375, 0.44140625, 0.54296875, 0.4921875, 0.64453125, 0.421875, 0.52734375, 0.52734375, 0.466796875]",424,570,"[[242.01950073242188, 286.1280517578125, 267.74273681640625, 342.9977722167969], [486.8355407714844, 317.75628662109375, 509.71942138671875, 367.4417724609375], [550.8705444335938, 291.4252014160156, 566.84521484375, 312.9656982421875], [305.50640869140625, 303.9578552246094, 339.3728332519531, 354.3990478515625], [105.40440368652344, 263.67138671875, 152.6484375, 323.26776123046875], [57.216609954833984, 263.28369140625, 152.51046752929688, 324.2845458984375], [440.5407409667969, 210.7084503173828, 499.2950439453125, 304.6064453125], [54.29664993286133, 280.16644287109375, 103.39864349365234, 322.99664306640625], [521.4877319335938, 264.02178955078125, 530.4696655273438, 292.3651428222656], [545.1226806640625, 268.47991943359375, 560.2460327148438, 287.77923583984375], [305.2294616699219, 304.4383544921875, 377.21942138671875, 367.2971496582031]]",11
30,Andreas%20Achenbach%20-%20Clearing%20Up%E2%80%94Coast%20of%20Sicily%20-%20Walters%2037116.jpg,pencil_sketch,[],1081,1500,[],0
31,Johan_Fredrik_Eckersberg_-_From_Horgheim_in_Romsdal_-_Google_Art_Project.jpg,pencil_sketch,[],1014,1500,[],0
32,Dankvart_Dreyer_-_St_Knud's_Church_by_the_River_in_Odense._Autumn_-_KMS1678_-_Statens_Museum_for_Kunst.jpg,pencil_sketch,[0.70703125],415,546,"[[0.024953216314315796, 56.6145133972168, 215.68177795410156, 412.9684753417969]]",1
33,"Caspar_David_Friedrich,_Efter_stormen,_1817,_KMS8817,_Statens_Museum_for_Kunst.jpg",pencil_sketch,[],1094,1500,[],0
34,"Christian_Zacho,_Vinterbillede_fra_Bretagne_Den_første_sne,_1881,_KMS1135,_Statens_Museum_for_Kunst.jpg",pencil_sketch,"[0.62109375, 0.796875, 0.796875, 0.41015625]",970,1500,"[[289.9949035644531, 466.4656982421875, 774.0244750976562, 790.4393310546875], [532.8084106445312, 36.09469985961914, 1385.292236328125, 785.120361328125], [0.9303018450737, 9.988581657409668, 459.8983459472656, 961.4857177734375], [141.6331024169922, 494.3877868652344, 312.7197265625, 803.2842407226562]]",4
35,Carl_Frederik_Aagaard_-_Parti_fra_Napolibugten_med_to_italienere_i_samtale_i_en_pergola_-_1879.png,pencil_sketch,"[0.5, 0.455078125]",1500,1155,"[[818.2742309570312, 1.9897520542144775, 1162.361572265625, 790.2764282226562], [-2.08683180809021, 31.181663513183594, 251.37176513671875, 873.7521362304688]]",2
36,Knud_Baade_-_Cloud_Study_-_Google_Art_Project_(EwHQxltjDNJMdw).jpg,pencil_sketch,[],1158,1500,[],0
37,021045471140-012uMXPwVb2s.webp,pencil_sketch,"[0.423828125, 0.51171875, 0.6328125, 0.65234375, 0.56640625, 0.44140625, 0.4609375, 0.46484375, 0.423828125, 0.4453125, 0.494140625, 0.4609375]",1004,1200,"[[206.09275817871094, 619.8917236328125, 306.6564636230469, 743.0181274414062], [658.9267578125, 579.75537109375, 698.0077514648438, 626.7774047851562], [801.1924438476562, 330.4562072753906, 965.0665283203125, 775.302978515625], [915.610107421875, 58.87082290649414, 1188.8516845703125, 741.9388427734375], [4.9965620040893555, 108.45549774169922, 271.5409851074219, 777.0007934570312], [500.13037109375, 564.4596557617188, 546.337158203125, 645.9091796875], [251.3748016357422, 618.3233032226562, 307.43450927734375, 734.7592163085938], [594.2205810546875, 583.2365112304688, 640.8995971679688, 629.0789794921875], [554.7022705078125, 643.21044921875, 602.1759033203125, 716.9738159179688], [204.71340942382812, 646.93798828125, 252.72216796875, 745.5447387695312], [751.07861328125, 593.2146606445312, 786.7059326171875, 641.0072631835938], [930.0313110351562, 332.9448547363281, 1076.9188232421875, 754.6376953125]]",12
38,Peder_Balke-Tromsø.jpg,pencil_sketch,[],383,500,[],0
39,"Georg_Emil_Libert_-_View_of_Sommerspiret,_the_Cliffs_of_Møn_-_2015.21.1_-_National_Gallery_of_Art.jpg",pencil_sketch,[],234,325,[],0
40,1835_Gurlitt_Wasserfall_in_Norwegen_anagoria.JPG,pencil_sketch,"[0.65625, 0.59375, 0.51171875, 0.66015625]",1500,1333,"[[1108.472900390625, 56.116512298583984, 1151.8304443359375, 145.40789794921875], [1038.94873046875, 132.5345458984375, 1065.7784423828125, 165.83218383789062], [950.5488891601562, 792.2133178710938, 1328.2718505859375, 1227.1021728515625], [1079.0216064453125, 77.91267395019531, 1107.48486328125, 150.93174743652344]]",4
41,Parti_fra_Hammermøllen.jpg,pencil_sketch,"[0.4765625, 0.875, 0.4453125]",1165,1500,"[[1115.1912841796875, 441.5672302246094, 1493.0428466796875, 751.1495361328125], [489.2789001464844, 139.08078002929688, 1160.0430908203125, 804.3876953125], [1304.85546875, 443.67669677734375, 1491.7545166015625, 733.7764892578125]]",3
42,"Thomas_Fearnley_-_Grindelwald,_Switzerland.jpg",pencil_sketch,"[0.4765625, 0.451171875]",1254,1500,"[[960.4833374023438, 404.3484802246094, 1382.8106689453125, 939.9365844726562], [363.9521484375, 512.676025390625, 1024.0245361328125, 1071.9326171875]]",2
43,"Thomas_Fearnley_-_Arco_Naturale,_Capri_-_Nationalmuseum_-_NM_7281_(cropped).jpg",pencil_sketch,[],1500,1099,[],0
44,"Christen_Købke_-_Parti_af_den_nordre_Kastelsbro,_1837,_(NGL).jpg",pencil_sketch,"[0.470703125, 0.421875, 0.7578125, 0.57421875, 0.60546875, 0.5234375, 0.60546875, 0.48046875, 0.66796875, 0.60546875, 0.6796875, 0.65625, 0.609375]",1023,1500,"[[320.89190673828125, 360.76678466796875, 652.5408325195312, 651.2481079101562], [608.715576171875, 204.06036376953125, 632.1736450195312, 233.21730041503906], [1179.612548828125, 371.3869323730469, 1403.2200927734375, 718.02978515625], [645.8096313476562, 181.73048400878906, 902.2860717773438, 561.4652709960938], [372.7676086425781, 193.1986846923828, 420.604736328125, 264.2896728515625], [171.1042938232422, 216.89759826660156, 200.40548706054688, 269.9715576171875], [20.596593856811523, 241.54910278320312, 288.5249328613281, 681.3248901367188], [544.9564208984375, 223.7981719970703, 595.953369140625, 264.0009765625], [318.29541015625, 177.53028869628906, 371.54180908203125, 265.058349609375], [275.93328857421875, 216.85894775390625, 313.2539978027344, 266.3900146484375], [800.016845703125, 242.2769012451172, 903.6066284179688, 561.4838256835938], [418.8290710449219, 176.72630310058594, 494.5198669433594, 262.942626953125], [645.3932495117188, 177.89698791503906, 773.6572875976562, 279.0673828125]]",13
45,Andreas%20Achenbach%20-%20Auf%20st%C3%BCrmischer%20See.jpg,pencil_sketch,[],645,1000,[],0
46,Joseph_Mallord_William_Turner_-_Sheerness_as_seen_from_the_Nore_-_2005.31_-_Museum_of_Fine_Arts.jpg,pencil_sketch,[],1050,1500,[],0
47,Janus_la_Cour_-_Kysten_syd_for_Århus_ved_Marselisborg.png,pencil_sketch,"[0.5546875, 0.6015625]",1023,1500,"[[-1.9541010856628418, 172.206787109375, 260.2091979980469, 653.8421020507812], [268.3934326171875, 274.4559631347656, 448.7393798828125, 591.367919921875]]",2
48,Joseph_Mallord_William_Turner_(1775–1851)_-_The_Tenth_Plague_of_Egypt_-_N00470_-_National_Gallery.jpg,pencil_sketch,[],694,1146,[],0
49,Fanny_Churberg_-_Winter_Evening_-_A_III_2366_-_Finnish_National_Gallery.jpg,pencil_sketch,[],730,1222,[],0
50,Hermann_Both_-_Pommersche_Küstenlandschaft_bei_aufziehendem_Sturm_(1860).jpg,pencil_sketch,[],930,1500,[],0
51,Johann_Wilhelm_Schirmer_-_Partie_aus_den_Vogesen_mit_der_Burg_Hohandlau_-_Lg_67_-_Staatliche_Kunsthalle_Karlsruhe.jpg,pencil_sketch,[],480,678,[],0
52,"Vilhelm_Kyhn_-_Haveparti_med_træstammer,_stakit_og_træ.png",pencil_sketch,[0.5390625],1207,1420,"[[346.73699951171875, 167.86415100097656, 1416.244140625, 1129.515625]]",1
53,Jens_Juel_-_View_of_the_Country_near_Jægerspris_-_KMS1824_-_Statens_Museum_for_Kunst.jpg,pencil_sketch,"[0.91015625, 0.419921875, 0.65234375, 0.49609375, 0.43359375, 0.6875]",1203,1500,"[[1002.33447265625, 204.60438537597656, 1420.4246826171875, 871.6796875], [455.8894348144531, 678.3364868164062, 467.75079345703125, 701.4174194335938], [-0.19796937704086304, 511.2745056152344, 213.1620330810547, 914.0542602539062], [1464.1416015625, 146.67222595214844, 1503.9049072265625, 842.0204467773438], [40.049766540527344, 712.535888671875, 107.97516632080078, 927.9456176757812], [-1.0808073282241821, 510.94622802734375, 211.81739807128906, 705.0194091796875]]",6
54,"Dankvart_Dreyer_-_View_of_Mølleknap_Hills,_Funen_-_KMS6897_-_Statens_Museum_for_Kunst.jpg",pencil_sketch,"[0.40234375, 0.427734375]",436,768,"[[576.95654296875, 51.3630256652832, 768.5304565429688, 210.24172973632812], [351.9186096191406, 231.54080200195312, 377.39715576171875, 255.28350830078125]]",2
55,KMS255.jpg,pencil_sketch,[],1050,1500,[],0
56,(Barcelona)_Going_to_the_Ball_(San_Martino)_-_William_Turner_-_Tate_Britain.jpg,pencil_sketch,[],984,1500,[],0
57,Berndt_Lindholm_-_Hiekkasärkkiä_-_A_III_2642_-_Finnish_National_Gallery.jpg,pencil_sketch,[0.451171875],1119,1500,"[[1158.4947509765625, 308.194580078125, 1320.680908203125, 578.590576171875]]",1
58,Thomas_Fearnley_-_Bergen_seen_from_Natlandshøyden_-_LKM.000073_-_Lillehammer_Kunstmuseum.jpg,pencil_sketch,[0.46875],1259,1500,"[[305.494384765625, 809.2838134765625, 410.23895263671875, 929.98779296875]]",1
59,Jens_Juel_-_Et_vadested_ved_foden_af_en_kirke_-_KMSsp871_-_Statens_Museum_for_Kunst.jpg,pencil_sketch,[],268,594,[],0
60,John_Constable_-_Waterloo_Bridge_-_Google_Art_Project.jpg,pencil_sketch,[0.4375],1038,1500,"[[5.462408065795898, 286.9672546386719, 326.93780517578125, 659.2372436523438]]",1
61,"Turner_-_Ships_Bearing_up_for_Anchorage_(‘The_Egremont_Seapiece’),_exhibited_1802,_T03868.jpg",pencil_sketch,[],1001,1500,[],0
62,"Dankvart_Dreyer_-_Ørsbjerg_Forest_at_Aarup,_Funen_-_KMS3859_-_Statens_Museum_for_Kunst.jpg",pencil_sketch,"[0.8046875, 0.484375]",452,532,"[[463.5448913574219, 183.76466369628906, 517.2478637695312, 231.79739379882812], [149.9856719970703, -0.39704740047454834, 408.1672668457031, 243.36080932617188]]",2
63,View_of_Stockholm_-_Stockholm_sett_fra_Klaravikstranden_-_Thomas_Fearnley_-_IMG_9803-_national_gallery_oslo_(cropped-2).jpg,pencil_sketch,[],931,1500,[],0
64,Olof_Hermelin_(1820-1913)_-_A_Swedish_Lake_Scene_-_59-1908_-_Victoria_and_Albert_Museum.jpg,pencil_sketch,"[0.447265625, 0.40234375, 0.43359375, 0.453125, 0.609375, 0.57421875]",553,800,"[[212.4921112060547, 303.4386291503906, 325.83172607421875, 361.0989990234375], [0.23238062858581543, 244.8309783935547, 73.23841094970703, 311.6423034667969], [64.99313354492188, 319.7077331542969, 81.47013854980469, 346.728271484375], [124.0733413696289, 303.4036560058594, 211.05557250976562, 347.21368408203125], [77.68836975097656, 222.91319274902344, 161.09701538085938, 310.9771423339844], [367.3628234863281, 299.1304931640625, 495.98974609375, 389.956787109375]]",6
65,Johann_Wilhelm_Schirmer_-_Landschaft_bei_Civitella_-_Lg_71_-_Staatliche_Kunsthalle_Karlsruhe.jpg,pencil_sketch,"[0.46875, 0.5625, 0.66015625, 0.59375]",640,931,"[[647.5045166015625, 177.84828186035156, 687.3462524414062, 214.17660522460938], [695.7310791015625, 177.6267852783203, 758.2327270507812, 218.6453094482422], [816.3781127929688, 255.80062866210938, 844.5206298828125, 300.5926208496094], [452.97418212890625, 202.01248168945312, 478.0137634277344, 247.22801208496094]]",4
66,Carl_Frederik_Aagaard_-_Parti_fra_en_sø_med_badehus_-_1895.png,pencil_sketch,"[0.53125, 0.47265625, 0.447265625]",1126,1500,"[[1198.8939208984375, 460.74176025390625, 1501.056396484375, 710.38720703125], [-1.8103457689285278, 271.1934509277344, 233.90029907226562, 660.9329833984375], [0.9222552180290222, -3.671583890914917, 568.2615356445312, 754.331787109375]]",3
67,Johan_Christian_Dahl_-_Skipbrudd_-_LKM.000024_-_Lillehammer_Kunstmuseum.jpg,pencil_sketch,[],874,1500,[],0
68,"Thomas_Fearnley_-_View_of_Palermo_-_NG.M.01627_-_National_Museum_of_Art,_Architecture_and_Design.jpg",pencil_sketch,[],957,1500,[],0
69,"PC_Skovgaard,_Højerup_Kirke_på_Stevns_Klint,_1842,_KMS6650,_Statens_Museum_for_Kunst.jpg",pencil_sketch,"[0.58984375, 0.6640625, 0.640625, 0.6328125, 0.423828125, 0.77734375, 0.7265625]",1413,1500,"[[543.6564331054688, 520.990966796875, 681.9939575195312, 731.1162109375], [302.48455810546875, 613.9759521484375, 379.02294921875, 734.710205078125], [352.6706848144531, 499.9013366699219, 580.5123901367188, 732.7581787109375], [697.0907592773438, 584.2550659179688, 810.2976684570312, 731.61962890625], [348.98236083984375, 531.7785034179688, 446.2109069824219, 731.5822143554688], [14.081664085388184, 512.5352172851562, 306.45721435546875, 747.645263671875], [798.9602661132812, 631.6483154296875, 896.1627807617188, 734.2813720703125]]",7
70,"Joachim_Frich_-_Study_of_a_Spruce_-_NG.M.04175_-_National_Museum_of_Art,_Architecture_and_Design.jpg",pencil_sketch,[0.5703125],714,458,"[[7.1910834312438965, 1.4793274402618408, 447.4981994628906, 706.5235595703125]]",1
71,"J.C._Dahl,_Klippekyst._Solen_bryder_gennem_skyerne,_udateret.png",pencil_sketch,[],984,1500,[],0
72,Andreas%20Achenbach%20-%20Felsige%20K%C3%BCste.jpg,pencil_sketch,[],1148,1500,[],0
73,Janus_la_Cour_-_Landskab_ved_Ry_-_1878.png,pencil_sketch,[0.458984375],477,980,"[[340.8738098144531, 43.45490264892578, 980.8630981445312, 409.6666259765625]]",1
74,Lars_Hertervig_-_Fra_Hindal_(Landsiden)_-_Stavanger_kunstmuseum_-_SG.0654.jpg,pencil_sketch,"[0.419921875, 0.81640625]",942,1308,"[[687.9249267578125, 617.2302856445312, 751.3310546875, 766.6043090820312], [1030.754638671875, 618.09375, 1222.56396484375, 854.3024291992188]]",2
75,Berndt_Lindholm_-_Puuharjoitelma_-_A_III_2374_-_Finnish_National_Gallery.png,pencil_sketch,[0.83203125],1325,1500,"[[118.41094207763672, 239.88485717773438, 1320.3114013671875, 1302.533935546875]]",1
76,Aschenbach%20-%20Terugkeer%20naar%20de%20haven%20bij%20ruwe%20zee.jpg,pencil_sketch,[0.83203125],812,1000,"[[624.02880859375, -0.9702420830726624, 999.8899536132812, 385.3043518066406]]",1
77,"Udsigt_over_Vejle_Fjord_(Vilhelm_Kyhn,_1854).jpg",pencil_sketch,"[0.42578125, 0.45703125]",257,384,"[[320.08984375, 32.03806686401367, 385.64520263671875, 233.6341094970703], [165.0158233642578, 223.7305908203125, 217.0111083984375, 257.091064453125]]",2
78,Carl_Frederik_Aagaard_-_Stille_flyder_åen_-_1877.png,pencil_sketch,[],552,834,[],0
79,Johan_Christian_Clausen_Dahl_-_Krajobraz_tyrolski.jpg,pencil_sketch,"[0.59765625, 0.62890625]",1086,1500,"[[97.18405151367188, 207.47560119628906, 131.8966522216797, 285.7893981933594], [132.29798889160156, 255.5143585205078, 169.7893524169922, 327.2618713378906]]",2
80,"Lundbye,_Johan_Thomas_-_En_gravhøj_fra_oldtiden_ved_Raklev_på_Refsnæs.jpg",pencil_sketch,[],1119,1500,[],0
81,"'The_Oslo_Fjord'_by_Hans_Frederik_Gude,_1873.JPG",pencil_sketch,[],973,1500,[],0
82,Johan_Christian_Dahl_-_The_Augustbrücke_under_Repair_-_Dresden_i_aftenbelysning_-_KODE_Art_Museums_and_Composer_Homes_-_BB.M.00148.jpg,pencil_sketch,[],1021,1500,[],0
83,August%20Cappelen%20-%20Landscape%20Study%20with%20decaying%20Trees%20-%20NG.M.00289-016%20-%20National%20Museum%20of%20Art%2C%20Architecture%20and%20Design.jpg,pencil_sketch,[],1064,1500,[],0
84,Vilhelm_Kyhn_-_Efteraaret_ved_Herregaarden_Ausumgaard_-_1888.png,pencil_sketch,[],722,1500,[],0
85,"Joseph_Mallord_William_Turner_(1775-1851)_(copy_after)_-_Ehrenbreitstein,_Germany_-_BORGM_02484_-_Russell-Cotes_Art_Gallery_^_Museum.jpg",pencil_sketch,"[0.84375, 0.451171875, 0.53125]",665,800,"[[439.9210510253906, 124.82117462158203, 649.0965576171875, 529.0128173828125], [175.339111328125, 254.2597198486328, 262.2144775390625, 366.8929443359375], [271.2142639160156, 249.34507751464844, 388.3937072753906, 394.3675842285156]]",3
86,"Amaldus_Nielsen_-_A_Fisherman's_Home,_Old_Hellesund_-_NG.M.00620_-_National_Museum_of_Art,_Architecture_and_Design.jpg",pencil_sketch,[],686,1024,[],0
87,Carl_Gustav_Carus_-_Gebirgslandschaft_mit_Ruine.jpg,pencil_sketch,[0.81640625],1125,1500,"[[-0.27712249755859375, 366.2301025390625, 158.64578247070312, 716.9478759765625]]",1
88,"Campo_Santo_in_Poggioreale,_the_Vesuvius_Beyond_.jpg",pencil_sketch,"[0.498046875, 0.6015625]",546,800,"[[642.3967895507812, 216.86270141601562, 692.2890014648438, 300.8916320800781], [664.0805053710938, 52.54442596435547, 800.1661376953125, 240.9267120361328]]",2
89,021045470458-012uMXPwTEjp.webp,pencil_sketch,[0.93359375],921,1200,"[[615.4269409179688, 250.74746704101562, 972.8897094726562, 753.5259399414062]]",1
90,Janus_la_Cour_-_Skyformationer_over_et_åbent_landskab.png,pencil_sketch,[],975,1500,[],0
91,A._E._Kieldrup_-_Parti_fra_Ermelunden....jpg,pencil_sketch,"[0.828125, 0.451171875, 0.427734375, 0.5703125, 0.53125]",915,1500,"[[1250.871337890625, 248.51573181152344, 1343.1175537109375, 467.1048278808594], [29.745250701904297, 368.0863952636719, 266.8610534667969, 630.1556396484375], [187.59280395507812, 516.525390625, 414.21600341796875, 727.9501342773438], [43.79452896118164, 367.8198547363281, 266.8665466308594, 522.8621826171875], [887.83154296875, 449.1725769042969, 1050.337646484375, 590.0930786132812]]",5
92,John_Constable_-_East_Bergholt_-_Lock_on_Stour_-_53.20_-_Indianapolis_Museum_of_Art.jpg,pencil_sketch,[],1500,1240,[],0
93,1852_Baade_Vor_der_Westküste_Norwegens_Historisches_Museum_Bamberg_anagoria.jpg,pencil_sketch,[0.55859375],1080,1500,"[[338.65106201171875, 399.6646728515625, 584.6690673828125, 701.7100219726562]]",1
94,"Constable_-_(imitator_of)_-_The_Glebe_Farm,_after_1832,_40.2.jpg",pencil_sketch,[],640,800,[],0
95,Carl_Frederik_Aagaard_-_Skovparti_-_1886.png,pencil_sketch,[],1500,1282,[],0
96,"Christen_Købke_(1810–1848),_Rough_Sea_on_a_Rocky_Coast,_1839._Statens_Museum_for_Kunst,_Copenhagen.jpg",pencil_sketch,"[0.578125, 0.431640625]",640,956,"[[780.1354370117188, 305.1529235839844, 829.61962890625, 368.21551513671875], [365.8951721191406, 321.7481994628906, 438.07281494140625, 402.63848876953125]]",2
97,Carl_Bøgh_-_Kronvildt_i_Dyrehaven_-_1889.png,pencil_sketch,"[0.490234375, 0.4375, 0.80078125, 0.64453125, 0.484375, 0.73046875, 0.57421875, 0.4453125, 0.46875]",1113,1500,"[[1282.7017822265625, 490.47161865234375, 1501.50244140625, 609.1860961914062], [1267.32861328125, 491.1160888671875, 1509.3709716796875, 708.4725341796875], [946.6002197265625, 509.8072204589844, 1245.35986328125, 795.5504150390625], [1265.6529541015625, 644.6881713867188, 1430.953857421875, 757.474853515625], [425.8068542480469, 670.8766479492188, 523.974609375, 775.3098754882812], [1.071140170097351, 336.8312683105469, 489.6262512207031, 872.0077514648438], [1149.087890625, 666.698974609375, 1273.50048828125, 785.8478393554688], [344.4545593261719, 4.203880786895752, 734.4500732421875, 272.945068359375], [433.1696472167969, 22.656301498413086, 733.2567749023438, 272.1534423828125]]",9
98,Eiler_Rasmussen_Eilersen_-_Parti_fra_Dyrehaven_-_1870.png,pencil_sketch,[],1119,1500,[],0
99,Johan_Christian_Dahl_-_Copenhagen_Harbor_by_Moonlight_-_2019.167.2_-_Metropolitan_Museum_of_Art.jpg,pencil_sketch,[],978,1500,[],0
100,John_Constable_(1776-1837)_(style_of)_-_A_Suffolk_Landscape_-_WA1962.17.10_-_Ashmolean_Museum.jpg,pencil_sketch,"[0.73828125, 0.42578125, 0.57421875, 0.498046875]",740,944,"[[405.6553955078125, 217.68177795410156, 699.8795776367188, 639.6234741210938], [85.84749603271484, 62.822532653808594, 401.02459716796875, 705.4081420898438], [0.5313413143157959, 61.159725189208984, 401.44281005859375, 724.45361328125], [-0.1506965160369873, 61.70581817626953, 138.1300048828125, 701.0230102539062]]",4
101,"Frants_Bøe_-_Sami_on_skis_in_northern_lights,_1885.jpg",pencil_sketch,[],1500,1221,[],0
102,"Constable_-_Imitator_of_-_Dell_at_Helmingham_Park,_After_1828,_M1928-1-4.jpg",pencil_sketch,[],1186,1500,[],0
103,Caspar_David_Friedrich_-_Ansicht_eines_Hafens.jpg,pencil_sketch,[],1500,1179,[],0
104,Johann_Christian_Clausen_Dahl_(1788-1857)_-_Fischer_im_Boot_-_2608_-_Führermuseum.jpg,pencil_sketch,[],356,584,[],0
105,"Johan_Christian_Dahl_-_Evening_Sky_over_a_Village_-_NG.M.00426-018_-_National_Museum_of_Art,_Architecture_and_Design.jpg",pencil_sketch,[],714,887,[],0
106,"Thomas_Fearnley_-_Terrace_near_Amalfi_-_NG.M.01749_-_National_Museum_of_Art,_Architecture_and_Design.jpg",pencil_sketch,[],1056,1500,[],0
107,"Karl_Friedrich_Lessing,_German_-_The_Robber_and_His_Child_-_Google_Art_Project.jpg",pencil_sketch,[],1288,1500,[],0
108,Amaldus_Nielsen_-_Farmhouse_at_Balestrand_-_Google_Art_Project.jpg,pencil_sketch,[],984,1500,[],0
109,KMS741.jpg,pencil_sketch,[],655,1024,[],0
110,"Amaldus_Nielsen_-_Evening_at_Hvaler_-_NG.M.00324_-_National_Museum_of_Art,_Architecture_and_Design.jpg",pencil_sketch,[],905,1500,[],0
111,"'View_in_Devonshire'_by_Joseph_Mallord_William_Turner,_Dayton_Art_Institute.JPG",pencil_sketch,[],928,1500,[],0
112,P._C._Skovgaard_-_Nysø_1853.jpg,pencil_sketch,"[0.423828125, 0.7421875, 0.6640625, 0.6015625, 0.6875]",466,700,"[[-0.5753740668296814, 233.63815307617188, 78.26573944091797, 269.3357849121094], [496.4191589355469, 199.18373107910156, 593.0245971679688, 334.0412292480469], [596.5084228515625, 215.28436279296875, 701.8612060546875, 342.8387451171875], [78.27626037597656, 240.11468505859375, 218.17666625976562, 383.02764892578125], [214.6517333984375, 207.46434020996094, 356.1095886230469, 382.73175048828125]]",5
113,Johan_Christian_Clausen_Dahl_-_Northern_landscape_with_a_waterfall_(1817).jpg,pencil_sketch,"[0.671875, 0.61328125, 0.5, 0.84765625, 0.77734375, 0.443359375]",1177,1500,"[[-0.43678098917007446, 9.835683822631836, 48.5458869934082, 422.6268310546875], [664.701416015625, 342.3302917480469, 710.1629028320312, 423.47607421875], [70.0708999633789, 2.0646519660949707, 819.8687744140625, 1037.9658203125], [193.17404174804688, 121.55419921875, 336.9074401855469, 429.6737060546875], [29.58385467529297, -2.090679168701172, 183.75750732421875, 428.5713806152344], [4.439368724822998, 6.3732008934021, 1489.3782958984375, 1172.8408203125]]",6
114,021045504902-012uMXjba4yM.webp,pencil_sketch,[],560,802,[],0
115,612905-267216.jpg,pencil_sketch,"[0.5546875, 0.486328125, 0.68359375, 0.56640625]",688,1000,"[[676.37890625, -2.6121068000793457, 1005.7615966796875, 555.4483032226562], [440.545654296875, 540.8480224609375, 485.2750549316406, 597.5700073242188], [357.0904541015625, 55.76258850097656, 798.1649780273438, 523.5023193359375], [358.2273254394531, 1.7725296020507812, 1006.7662963867188, 532.7716674804688]]",4
116,"Frederik_Collett_-_Landscape_with_Bridge_-_NG.M.01045_-_National_Museum_of_Art,_Architecture_and_Design.jpg",pencil_sketch,[],603,1012,[],0
117,"Johan_Thomas_Lundbye_-_Cows_being_Watered_at_a_Village_Pond._Brofelde,_Zealand_-_KMS3370_-_Statens_Museum_for_Kunst.jpg",pencil_sketch,[0.54296875],482,800,"[[351.146484375, 183.382568359375, 397.5614929199219, 248.78797912597656]]",1
118,Joseph_Mallord_William_Turner_(1775-1851)_-_Brighton_from_the_Sea_-_T03886_-_Tate.jpg,pencil_sketch,[],564,1184,[],0
119,Johan_Christian_Dahl_-_Hills_near_Quisisana_in_morning_Light_-_Quisisana_i_morgenbelysning_-_KODE_Art_Museums_and_Composer_Homes_-_RMS.M.00059.jpg,pencil_sketch,[0.419921875],681,1080,"[[174.37799072265625, 187.92449951171875, 184.09410095214844, 199.23779296875]]",1
120,Janus_la_Cour_-_Skovparti_på_en_sommerdag_-_1872.png,pencil_sketch,[],1067,1500,[],0
121,Frederik_Christian_Jakobsen_Kiaerskou_-_Die_Bucht_von_Roskilde_-_14544_-_Bavarian_State_Painting_Collections.jpg,pencil_sketch,[],576,768,[],0
122,Joseph_Mallord_William_Turner_(1775-1851)_-_Hill_Town_on_the_Edge_of_the_Campagna_-_N05526_-_National_Gallery.jpg,pencil_sketch,[],760,1110,[],0
123,Hans_Gude_-_Seilbåter_på_fjorden_(1880).jpg,pencil_sketch,[],654,900,[],0
124,Lyseklippen_ved_Rø_på_Bornholm.jpg,pencil_sketch,[],1068,1500,[],0
125,Axel_Wilhelm_Nordgren_-_Fra_Mjøsa_-_TKM-397-1927_-_Trondheim_kunstmuseum_(cropped).jpg,pencil_sketch,"[0.46875, 0.51171875, 0.4296875, 0.69921875]",1109,1500,"[[331.9025573730469, 409.28228759765625, 651.0965576171875, 850.0511474609375], [811.7823486328125, 534.0191650390625, 863.3598022460938, 612.8754272460938], [812.255615234375, 535.3668212890625, 839.6168212890625, 597.7979125976562], [422.9432373046875, 408.6148986816406, 653.2218627929688, 627.728515625]]",4
126,Hans_Gude_-_Landscape_Study_from_Vågå_-_Google_Art_Project.jpg,pencil_sketch,[],1011,1500,[],0
127,Johan_Christian_Dahl_-_Dolmen_near_Vordingborg_in_Moonlight_-_Dansk_landskap_i_måneskinn_-_KODE_Art_Museums_and_Composer_Homes_-_BB.M.00644.jpg,pencil_sketch,"[0.474609375, 0.451171875, 0.546875, 0.71484375, 0.423828125, 0.4453125, 0.8671875, 0.78125, 0.443359375, 0.71484375]",720,1080,"[[845.0119018554688, 313.5295104980469, 1030.18896484375, 468.5326843261719], [0.5547022819519043, -1.4026665687561035, 199.5352020263672, 491.1640625], [844.8983154296875, 317.0566101074219, 952.9146728515625, 462.1895751953125], [872.7380981445312, 578.9114379882812, 997.247314453125, 677.0762329101562], [1.8200182914733887, 2.1120142936706543, 473.68634033203125, 714.90185546875], [-0.31866252422332764, 3.534078598022461, 239.1425323486328, 712.469482421875], [504.18890380859375, 342.9513244628906, 618.833740234375, 493.0743408203125], [632.5050659179688, 354.0602722167969, 758.642578125, 488.3413391113281], [948.8514404296875, 314.1705017089844, 1030.34423828125, 475.4785461425781], [174.34910583496094, 0.8637785911560059, 474.25885009765625, 490.3594055175781]]",10
128,Adolph_Tidemand_-_Ekeberg_og_Oslo_kirke_-_Oslo_Museum_-_OB.01039.jpg,pencil_sketch,[],1084,1500,[],0
129,Newark_Abbey_by_Joseph_Mallord_William_Turner_-_Tate_N02302.jpg,pencil_sketch,[],1246,1500,[],0
130,Hans_Gude_-_Thunder_Storm_-_TKM-148-1904_-_Trondheim_kunstmuseum.jpg,pencil_sketch,[],1081,1500,[],0
131,Amaldus_Nielsen_-_Kveld_ved_sjøen_(1909).jpg,pencil_sketch,[],887,1500,[],0
132,Constantin_Hansen_-_Landscape_with_a_Farmhouse_-_NM_7486_-_Nationalmuseum.jpg,pencil_sketch,[],676,1000,[],0
133,Carl_Bøgh_-_Reindeer_herd_in_the_mountains_north_of_Røros.jpg,pencil_sketch,[],1055,1500,[],0
134,Amélie_Lundahl_-_Castle_Ruins.jpg,pencil_sketch,[],953,1500,[],0
135,412840-328548.jpg,pencil_sketch,[],448,639,[],0
136,"Christian_Zacho_-_En_rislende_bæk,_Sverige_-_1901.png",pencil_sketch,"[0.478515625, 0.75390625, 0.48828125]",1075,1500,"[[-4.06278657913208, 0.2746574580669403, 560.6370239257812, 784.8561401367188], [543.319091796875, 94.37631225585938, 1198.243408203125, 730.7682495117188], [3.928832769393921, -1.4664043188095093, 562.0057373046875, 537.0170288085938]]",3
137,Janus_la_Cour_-_Gamle_Piletræer_ved_Følle_Strand_-_1881.png,pencil_sketch,[0.6796875],1500,1169,"[[3.1745219230651855, -4.650547981262207, 1168.9000244140625, 1398.2115478515625]]",1
138,Werner%20Holmberg%20-%20Forest%20Landscape%20near%20N%C3%A4sij%C3%A4rvi%20%2C%20Unfinished%20-%20A%20I%2097%20-%20Finnish%20National%20Gallery.jpg,pencil_sketch,[0.7265625],1076,1500,"[[1088.3905029296875, -0.9173171520233154, 1509.6549072265625, 537.9000244140625]]",1
139,"Thomas_Fearnley_-_From_a_Courtyard_at_the_Scharfenberg_Castle_near_Dresden_-_NG.M.00455c_-_National_Museum_of_Art,_Architecture_and_Design.jpg",pencil_sketch,[],1202,1500,[],0
140,"Janus_la_Cour,_Ruiner_i_Den_romerske_Campagne,_1871,_KMS959,_Statens_Museum_for_Kunst.jpg",pencil_sketch,[],972,1500,[],0
141,Joseph_Mallord_William_Turner_(1775-1851)_-_Shipping_off_East_Cowes_Headland_-_N01999_-_National_Gallery.jpg,pencil_sketch,[],792,1050,[],0
142,Janus_la_Cour_-_Septemberlandskab_med_træer_ved_en_sø_-_1873.png,pencil_sketch,[],942,1500,[],0
143,Achenbach%2C%20Aangemeerde%20stoomboot.jpg,pencil_sketch,[0.404296875],768,1015,"[[145.9364471435547, 438.32464599609375, 206.09600830078125, 499.6793518066406]]",1
144,"Anders_Christian_Lunde,_Strandparti_i_nærheden_af_Tårbæk,_,_KMS438,_Statens_Museum_for_Kunst.jpg",pencil_sketch,"[0.578125, 0.77734375, 0.63671875]",1017,1500,"[[974.9682006835938, 381.1658630371094, 1220.573486328125, 581.6162719726562], [1160.7435302734375, 130.64874267578125, 1455.5804443359375, 394.92425537109375], [905.6360473632812, 381.5888366699219, 1221.55419921875, 646.6005859375]]",3
145,"Peder_Balke_-_Dresden_in_Moonlight_-_NG.M.01795_-_National_Museum_of_Art,_Architecture_and_Design.jpg",pencil_sketch,[],1185,1500,[],0
146,0210413580250-019EE5isVvvAs.webp,pencil_sketch,[],833,1200,[],0
147,Godfred_Christensen_-_Fra_Gribskovbanen_-_1920.png,pencil_sketch,[],918,1500,[],0
148,Christen_Købke_-_Autumn_Morning_on_Lake_Sortedam.jpg,pencil_sketch,"[0.6484375, 0.56640625, 0.61328125, 0.828125]",1073,1500,"[[1022.3759155273438, 264.0841064453125, 1366.6810302734375, 782.1008911132812], [1027.34619140625, 269.3529052734375, 1497.87158203125, 787.7435302734375], [1329.1456298828125, 341.9701843261719, 1495.5623779296875, 770.2182006835938], [1.6562193632125854, -0.5380920171737671, 1341.2593994140625, 904.910400390625]]",4
149,Storm%20at%20Sea%20off%20the%20Norwegian%20Coast%20%28SM%20875%29.png,pencil_sketch,[],970,1500,[],0
150,Janus_la_Cour_-_Tåget_efterårsmorgen_i_udkanten_af_en_birkeskov._Motiv_fra_egnen_ved_Silkeborg_-_KMS1095_-_Statens_Museum_for_Kunst.jpg,pencil_sketch,"[0.4375, 0.6484375, 0.66796875, 0.4140625, 0.4765625, 0.7109375, 0.50390625, 0.4296875, 0.419921875]",499,768,"[[479.33636474609375, 141.5828399658203, 596.4302368164062, 345.18548583984375], [646.9373779296875, 224.41233825683594, 754.1862182617188, 318.0370788574219], [-0.9912042617797852, 37.91478729248047, 49.416229248046875, 156.63616943359375], [489.57073974609375, 312.5720520019531, 516.41357421875, 344.6330261230469], [119.44532775878906, 182.58370971679688, 203.65380859375, 311.6976318359375], [21.208127975463867, -0.33459070324897766, 156.19985961914062, 185.13868713378906], [113.656494140625, 45.0804557800293, 597.21923828125, 401.9595642089844], [363.5309143066406, 70.19316864013672, 595.8526611328125, 365.91290283203125], [511.2118835449219, 281.1291809082031, 562.4383544921875, 315.1444396972656]]",9
151,Carl_Gustav_Carus_Die_Ruine_von_Netley_Abbey_im_Mondlicht_1844.jpg,pencil_sketch,[],800,531,[],0
152,Caspar_David_Friedrich_-_Schiffe_auf_Reede_(ca.1816-17).jpg,pencil_sketch,"[0.5625, 0.53125, 0.53515625]",1121,1500,"[[1076.0120849609375, 434.1092529296875, 1161.54052734375, 668.1732788085938], [256.0081787109375, 407.6572265625, 336.1809997558594, 676.7886962890625], [424.6584167480469, 238.02243041992188, 572.664794921875, 669.9871826171875]]",3
153,Carl_Frederik_Aagaard_-_Solnedgang_over_en_sø_-_1881.png,pencil_sketch,"[0.52734375, 0.5, 0.76171875, 0.41796875, 0.5234375]",822,1500,"[[1406.9217529296875, 250.2654266357422, 1508.2158203125, 362.47772216796875], [-0.7509514689445496, 139.7760009765625, 438.38525390625, 561.2914428710938], [1082.5408935546875, 252.82652282714844, 1264.897705078125, 392.93243408203125], [986.8504028320312, 326.33624267578125, 1086.2529296875, 375.0850524902344], [1249.641845703125, 277.24114990234375, 1410.73828125, 403.2710876464844]]",5
154,"Åberg,_Joenrantamaisema.jpg",pencil_sketch,[0.58984375],993,1500,"[[603.518310546875, 46.84449768066406, 1176.8323974609375, 706.163818359375]]",1
155,618238-3748563.jpg,pencil_sketch,[],768,988,[],0
156,Dahl_Dresden_02.jpg,pencil_sketch,[],1126,1500,[],0
157,"Janus_la_Cour,_Landskab_fra_Ariccia,_1866.png",pencil_sketch,[],1199,1500,[],0
158,John_Constable_-_Dedham_Lock_-_Google_Art_Project.jpg,pencil_sketch,[],980,1500,[],0
159,"A._E._Kieldrup_-_The_old_oak,_West_Belmont_(1861).jpg",pencil_sketch,"[0.408203125, 0.60546875]",1152,1500,"[[241.44140625, 119.82414245605469, 787.0602416992188, 795.0179443359375], [241.2813262939453, 64.92645263671875, 1504.679931640625, 862.43896484375]]",2
160,Carl_Frederik_Aagaard_-_Kystparti_med_udsigt_mod_Kronborg.png,pencil_sketch,[],991,1500,[],0
161,"Thomas_Fearnley_-_The_Labro_Falls_-_NG.M.01632_-_National_Museum_of_Art,_Architecture_and_Design.jpg",pencil_sketch,"[0.57421875, 0.416015625, 0.419921875, 0.51171875, 0.4765625]",1044,1500,"[[1370.232177734375, 222.9917449951172, 1467.2431640625, 321.46295166015625], [365.8349609375, 271.8296813964844, 571.5862426757812, 555.3197021484375], [848.5874633789062, 246.5110321044922, 897.0399780273438, 307.00146484375], [1191.069580078125, 267.3790588378906, 1242.5067138671875, 324.6549072265625], [1292.3138427734375, 269.8223876953125, 1328.8787841796875, 324.1571044921875]]",5
162,John_Constable_(1776-1837)_-_Hampstead_Heath_-_PD.207-1948_-_Fitzwilliam_Museum.jpg,pencil_sketch,[],558,800,[],0
163,Vilhelm_Kyhn_-_Sommereftermiddag._Emnet_taget_i_Nærheden_af_Rørvig_-_1890.png,pencil_sketch,[],1063,1500,[],0
164,Werner%20Holmberg%20-%20Vesimylly%20suomalaisessa%20mets%C3%A4ss%C3%A4%20-%20A%20I%20471-18%20-%20Finnish%20National%20Gallery.jpg,pencil_sketch,[],1186,1500,[],0
165,"Thomas_Fearnley_-_Forest_Study_from_Romsdal_-_NG.M.01308_-_National_Museum_of_Art,_Architecture_and_Design.jpg",pencil_sketch,[],1293,1500,[],0
166,Johan_Christian_Claussen_Dahl_-_Aftenstemning_fra_Dresdens_omegn_(1825).jpg,pencil_sketch,[],714,857,[],0
167,August%20Becker%20%281822-87%29%20-%20The%20Valley%20of%20the%20Dee%20above%20Braemar%20-%20RCIN%20403592%20-%20Royal%20Collection.jpg,pencil_sketch,[],1181,1500,[],0
168,Carl_Baagøe_-_Det_hollandske_damp-skrueskib_Willem_de_Derde_ud_for_Trekroner_Fort_-_1866.png,pencil_sketch,[],933,1500,[],0
169,"John_Constable_(1776-1837)_(attributed_to)_-_The_Water_Meadows,_Salisbury,_Wiltshire_-_VIS.343_-_Sheffield_Galleries_and_Museums_Trust.jpg",pencil_sketch,"[0.859375, 0.5703125, 0.5234375, 0.427734375, 0.7109375, 0.42578125, 0.69140625, 0.484375, 0.6640625]",558,800,"[[700.8900146484375, 214.11151123046875, 762.7274169921875, 332.3023681640625], [477.6584167480469, 302.4115295410156, 513.0004272460938, 333.9624938964844], [511.3348388671875, 313.4533996582031, 541.3876953125, 343.2729187011719], [629.5809936523438, 257.4505310058594, 689.9203491210938, 325.0104064941406], [616.8578491210938, 257.8584289550781, 690.1929321289062, 335.9788818359375], [617.0492553710938, 291.1902770996094, 648.931640625, 336.7987365722656], [784.4983520507812, 265.1805725097656, 802.6806030273438, 333.18890380859375], [767.1150512695312, 310.90966796875, 783.7591552734375, 332.38763427734375], [682.2935791015625, 295.6646423339844, 712.4899291992188, 336.50311279296875]]",9
170,A._E._Kieldrup_-_Flodlandskab_med_borgruin_på_bjergtinde.png,pencil_sketch,[],1096,1500,[],0
171,"Johann_Wilhelm_Schirmer_-_Der_Morgen,_Der_Auszug_des_Wanderers_nach_Jericho_-_613_-_Staatliche_Kunsthalle_Karlsruhe.jpg",pencil_sketch,"[0.5078125, 0.64453125, 0.408203125, 0.6015625, 0.7109375, 0.416015625]",491,640,"[[7.083249092102051, 8.844060897827148, 76.25472259521484, 217.54071044921875], [437.7189636230469, 132.27845764160156, 629.1445922851562, 323.4198913574219], [493.12493896484375, 132.43788146972656, 629.27783203125, 309.9656677246094], [50.328285217285156, 8.895612716674805, 232.035400390625, 450.53424072265625], [181.4293212890625, 83.97918701171875, 371.8114013671875, 315.737060546875], [436.46466064453125, 197.00790405273438, 515.945068359375, 291.2632141113281]]",6
172,Werner%20Holmberg%20-%20Landscape%20from%20Grafenberg%20%2C%20Study%20-%20A%20I%20471-59%20-%20Finnish%20National%20Gallery.jpg,pencil_sketch,[],1290,1500,[],0
173,0210414166617-019EE7irRKAyK.webp,pencil_sketch,"[0.412109375, 0.490234375, 0.46875]",763,1200,"[[341.5956115722656, 146.62229919433594, 583.180908203125, 526.8444213867188], [84.357421875, 298.7784729003906, 209.4393310546875, 411.0862121582031], [-0.21547749638557434, 142.26834106445312, 74.34943389892578, 528.1004638671875]]",3
174,Bugten_ved_Napoli_set_fra_en_grotte.JPG,pencil_sketch,[],1125,1500,[],0
175,Joseph_Mallord_William_Turner_-_Off_the_Nore_-_Google_Art_Project.jpg,pencil_sketch,[],1009,1500,[],0
176,Caspar_David_Friedrich_-_Mountainous_river_landscape.jpg,pencil_sketch,[],602,1030,[],0
177,Johann_Christian_Clausen_Dahl_(1788-1857)_-_Waldbach_-_0951_-_Führermuseum.jpg,pencil_sketch,[],421,563,[],0
178,Knud_Baade_-_Måneskinn_ved_Norges_kyst_-_Stavanger_kunstmuseum_-_SG.0038.jpg,pencil_sketch,[],883,1200,[],0
179,John_constable_ra_willy_lotts_cottage_with_a_rainbow_053154).jpg,pencil_sketch,[],1500,1343,[],0
180,Johan_Christian_Dahl_-_Cloud_study_-_Skystudie_-_KODE_Art_Museums_and_Composer_Homes_-_RMS.M.00111.jpg,pencil_sketch,[],856,1080,[],0
181,021046459114-032wa1NRZJjk.webp,pencil_sketch,[],843,1200,[],0
182,Carl_Gustav_Carus_-_Die_Rudelsburg_(1825).jpg,pencil_sketch,[],1140,1500,[],0
183,"Joseph_Mallord_William_Turner_(1775-1851)_-_The_Death_of_Actaeon,_with_a_Distant_View_of_Montjovet,_Val_d'Aosta_-_A00909_-_Tate.jpg",pencil_sketch,[0.57421875],1200,894,"[[-0.9594110250473022, 53.009300231933594, 342.67962646484375, 352.7122802734375]]",1
184,"John_Constable_-_Stormy_Sea,_Brighton_-_Google_Art_Project.jpg",pencil_sketch,[],907,1500,[],0
185,Ernst_Willers_-_Athen_und_die_Akropolis_-_11646_-_Bavarian_State_Painting_Collections.jpg,pencil_sketch,[],494,768,[],0
186,"John_Constable_(1776-1837)_-_Landscape_Study,_Hampstead_Looking_West_-_03-454_-_Royal_Academy_of_Arts.jpg",pencil_sketch,"[0.43359375, 0.42578125, 0.431640625]",979,1200,"[[17.790592193603516, 311.9261474609375, 647.9740600585938, 885.0529174804688], [19.617389678955078, 309.592529296875, 497.55517578125, 885.3062744140625], [95.08060455322266, 309.0439147949219, 481.98309326171875, 787.238525390625]]",3
187,"'Moonlight'_by_Knud_Baade,_1869,_Bergen_Kunstmuseum.JPG",pencil_sketch,[0.7421875],942,1500,"[[1149.6219482421875, 497.4016418457031, 1339.4442138671875, 726.3613891601562]]",1
188,Anton_Mathias_Bergh_-_Vestre_Aker_kirke_-_Oslo_Museum_-_OB.01100.jpg,pencil_sketch,"[0.478515625, 0.46875, 0.75, 0.54296875]",1014,1500,"[[815.166748046875, 270.336669921875, 1310.5423583984375, 1000.9102172851562], [1080.271728515625, 788.9266357421875, 1274.847900390625, 1004.53857421875], [813.471435546875, 268.76214599609375, 1311.3634033203125, 645.2744750976562], [887.5216674804688, 787.0712280273438, 1066.3350830078125, 1009.8929443359375]]",4
189,Godfred_Christensen_-_Landskab_med_køer_og_høje_træer_-_1895.png,pencil_sketch,[0.466796875],1002,1500,"[[931.9149169921875, 163.63206481933594, 1498.70361328125, 761.6464233398438]]",1
190,Janus_la_Cour_-_Formiddag_ved_Garonne._Montréjeau_-_KMS1712_-_Statens_Museum_for_Kunst.jpg,pencil_sketch,"[0.494140625, 0.5, 0.578125, 0.494140625]",488,800,"[[643.614013671875, 53.852630615234375, 787.3738403320312, 178.96844482421875], [652.0980834960938, 54.32448959350586, 741.5596923828125, 176.4283447265625], [360.494140625, 167.75790405273438, 426.8069152832031, 227.7793426513672], [737.739013671875, 89.10053253173828, 787.0311279296875, 167.06539916992188]]",4
191,Carl_Friedrich_Lessing_Romantische_Landschaft_mit_Klosteranlage.jpg,pencil_sketch,[0.453125],1149,1500,"[[0.4286840558052063, 617.7990112304688, 397.9844665527344, 1097.2557373046875]]",1
192,Carl_Johan_Fahlcrantz_-_Rauniomaisema_-_A_I_278_-_Finnish_National_Gallery.jpg,pencil_sketch,[],1301,1500,[],0
193,"Fritz_Petzholdt,_Italiensk_bjerglandskab,_,_KMS3672,_Statens_Museum_for_Kunst.jpg",pencil_sketch,[],1015,1500,[],0
194,August%20Cappelen%20-%20Study%20of%20Trees%20-%20Google%20Art%20Project.jpg,pencil_sketch,"[0.54296875, 0.5234375]",1500,1065,"[[-0.38839593529701233, 178.82421875, 682.6199340820312, 1210.3988037109375], [666.3413696289062, -1.077309250831604, 1005.5785522460938, 1417.612548828125]]",2
195,Caspar_David_Friedrich_-_Riesengebirge_Landscape_with_Rising_Fog_-_WGA8257.jpg,pencil_sketch,[0.51953125],1167,1500,"[[5.411043643951416, -0.8370336294174194, 1502.6123046875, 1161.7607421875]]",1
196,Erik_Pauelsen_-_Landskab_med_en_bondehytte_-_KMSsp884_-_Statens_Museum_for_Kunst.jpg,pencil_sketch,"[0.75390625, 0.423828125, 0.7109375, 0.5]",558,768,"[[610.987060546875, 0.5139740109443665, 766.2669677734375, 420.0930480957031], [401.20977783203125, 310.125732421875, 467.674560546875, 416.9666748046875], [0.0564422607421875, 0.289888858795166, 301.77032470703125, 554.0436401367188], [473.7528076171875, 231.25457763671875, 564.0626220703125, 354.49267578125]]",4
197,John_Constable_-_Cloud_Study_-_2007.8.58_-_Clark_Art_Institute.jpg,pencil_sketch,[],1176,1500,[],0
198,0210414980495-019EGKhP65sRA.webp,pencil_sketch,"[0.4921875, 0.46484375, 0.46484375, 0.54296875]",913,1200,"[[2.5551528930664062, 202.07025146484375, 139.02049255371094, 411.3138122558594], [105.23548889160156, 165.6340789794922, 185.01365661621094, 382.2212219238281], [2.0635933876037598, 201.22486877441406, 141.3911590576172, 533.6739501953125], [259.16552734375, 208.22769165039062, 350.7176513671875, 453.6287536621094]]",4
199,"Hjalmar_Munsterhjelm_-_The_Tempest,_Motive_from_Germany_-_A_II_1100_-_Finnish_National_Gallery.jpg",pencil_sketch,[],992,1500,[],0
